Dataset,Features,AUC_Impact,Performance_Loss_%,Significance
Composite CrossDataset,5,0.0030697093033367207,0.3073991938581758,MINIMAL
DOB Investment,1,0.0002362888534058749,0.023661850643539973,MINIMAL
ACRIS Financial,4,0.00022810568965159206,0.02284239261259819,MINIMAL
PLUTO Building,19,0.000115587188029731,0.011574844687101373,MINIMAL
MTA Transit,2,0.0,0.0,MINIMAL
Business Economic,2,0.0,0.0,MINIMAL
Vacant Neighborhood,2,-1.0228954692825809e-05,-0.0010243225386744536,MINIMAL
