Dataset,Features_Removed,AUC_Drop,Relative_Drop_Percent,Test_AUC_Without_Dataset,CV_AUC_Mean,CV_AUC_Std
Composite_CrossDataset,5,0.0030697093033367207,0.3073991938581758,0.9955371070674917,0.9951638683225091,0.0014439275031336886
DOB_Investment,1,0.0002362888534058749,0.023661850643539973,0.9983705275174225,0.9983365770748204,0.00032659788267856
ACRIS_Financial,4,0.00022810568965159206,0.02284239261259819,0.9983787106811768,0.9983065547862733,0.00045855382605000205
PLUTO_Building,19,0.000115587188029731,0.011574844687101373,0.9984912291827986,0.9984616192394566,0.0004402556566546712
MTA_Transit,2,0.0,0.0,0.9986068163708284,0.9983601265579566,0.0004685816821947107
Business_Economic,2,0.0,0.0,0.9986068163708284,0.9983601265579566,0.0004685816821947107
Vacant_Neighborhood,2,-1.0228954692825809e-05,-0.0010243225386744536,0.9986170453255212,0.9983714149384502,0.0004785992817308043
